{
  "name": "workflows",
  "lockfileVersion": 2,
  "requires": true,
  "packages": {
    "": {
      "devDependencies": {
        "jsdom": "^20.0.2",
        "uvu": "^0.5.6"
      }
    },
    "node_modules/@tootallnate/once": {
      "version": "2.0.0",
      "resolved": "https://registry.npmjs.org/@tootallnate/once/-/once-2.0.0.tgz",
      "integrity": "sha512-XCuKFP5PS55gnMVu3dty8KPatLqUoy/ZYzDzAGCQ8JNFCkLXzmI7vNHCR+XpbZaMWQK/vQubr7PkYq8g470J/A==",
      "dev": true,
      "engines": {
        "node": ">= 10"
      }
    },
    "node_modules/abab": {
      "version": "2.0.6",
      "resolved": "https://registry.npmjs.org/abab/-/abab-2.0.6.tgz",
      "integrity": "sha512-j2afSsaIENvHZN2B8GOpF566vZ5WVk5opAiMTvWgaQT8DkbOqsTfvNAvHoRGU2zzP8cPoqys+xHTRDWW8L+/BA==",
      "dev": true
    },
    "node_modules/acorn": {
      "version": "8.8.1",
      "resolved": "https://registry.npmjs.org/acorn/-/acorn-8.8.1.tgz",
      "integrity": "sha512-7zFpHzhnqYKrkYdUjF1HI1bzd0VygEGX8lFk4k5zVMqHEoES+P+7TKI+EvLO9WVMJ8eekdO0aDEK044xTXwPPA==",
      "dev": true,
      "bin": {
        "acorn": "bin/acorn"
      },
      "engines": {
        "node": ">=0.4.0"
      }
    },
    "node_modules/acorn-globals": {
      "version": "7.0.1",
      "resolved": "https://registry.npmjs.org/acorn-globals/-/acorn-globals-7.0.1.tgz",
      "integrity": "sha512-umOSDSDrfHbTNPuNpC2NSnnA3LUrqpevPb4T9jRx4MagXNS0rs+gwiTcAvqCRmsD6utzsrzNt+ebm00SNWiC3Q==",
      "dev": true,
      "dependencies": {
        "acorn": "^8.1.0",
        "acorn-walk": "^8.0.2"
      }
    },
    "node_modules/acorn-walk": {
      "version": "8.2.0",
      "resolved": "https://registry.npmjs.org/acorn-walk/-/acorn-walk-8.2.0.tgz",
      "integrity": "sha512-k+iyHEuPgSw6SbuDpGQM+06HQUa04DZ3o+F6CSzXMvvI5KMvnaEqXe+YVe555R9nn6GPt404fos4wcgpw12SDA==",
      "dev": true,
      "engines": {
        "node": ">=0.4.0"
      }
    },
    "node_modules/agent-base": {
      "version": "6.0.2",
      "resolved": "https://registry.npmjs.org/agent-base/-/agent-base-6.0.2.tgz",
      "integrity": "sha512-RZNwNclF7+MS/8bDg70amg32dyeZGZxiDuQmZxKLAlQjr3jGyLx+4Kkk58UO7D2QdgFIQCovuSuZESne6RG6XQ==",
      "dev": true,
      "dependencies": {
        "debug": "4"
      },
      "engines": {
        "node": ">= 6.0.0"
      }
    },
    "node_modules/asynckit": {
      "version": "0.4.0",
      "resolved": "https://registry.npmjs.org/asynckit/-/asynckit-0.4.0.tgz",
      "integrity": "sha512-Oei9OH4tRh0YqU3GxhX79dM/mwVgvbZJaSNaRk+bshkj0S5cfHcgYakreBjrHwatXKbz+IoIdYLxrKim2MjW0Q==",
      "dev": true
    },
    "node_modules/combined-stream": {
      "version": "1.0.8",
      "resolved": "https://registry.npmjs.org/combined-stream/-/combined-stream-1.0.8.tgz",
      "integrity": "sha512-FQN4MRfuJeHf7cBbBMJFXhKSDq+2kAArBlmRBvcvFE5BB1HZKXtSFASDhdlz9zOYwxh8lDdnvmMOe/+5cdoEdg==",
      "dev": true,
      "dependencies": {
        "delayed-stream": "~1.0.0"
      },
      "engines": {
        "node": ">= 0.8"
      }
    },
    "node_modules/cssom": {
      "version": "0.5.0",
      "resolved": "https://registry.npmjs.org/cssom/-/cssom-0.5.0.tgz",
      "integrity": "sha512-iKuQcq+NdHqlAcwUY0o/HL69XQrUaQdMjmStJ8JFmUaiiQErlhrmuigkg/CU4E2J0IyUKUrMAgl36TvN67MqTw==",
      "dev": true
    },
    "node_modules/cssstyle": {
      "version": "2.3.0",
      "resolved": "https://registry.npmjs.org/cssstyle/-/cssstyle-2.3.0.tgz",
      "integrity": "sha512-AZL67abkUzIuvcHqk7c09cezpGNcxUxU4Ioi/05xHk4DQeTkWmGYftIE6ctU6AEt+Gn4n1lDStOtj7FKycP71A==",
      "dev": true,
      "dependencies": {
        "cssom": "~0.3.6"
      },
      "engines": {
        "node": ">=8"
      }
    },
    "node_modules/cssstyle/node_modules/cssom": {
      "version": "0.3.8",
      "resolved": "https://registry.npmjs.org/cssom/-/cssom-0.3.8.tgz",
      "integrity": "sha512-b0tGHbfegbhPJpxpiBPU2sCkigAqtM9O121le6bbOlgyV+NyGyCmVfJ6QW9eRjz8CpNfWEOYBIMIGRYkLwsIYg==",
      "dev": true
    },
    "node_modules/data-urls": {
      "version": "3.0.2",
      "resolved": "https://registry.npmjs.org/data-urls/-/data-urls-3.0.2.tgz",
      "integrity": "sha512-Jy/tj3ldjZJo63sVAvg6LHt2mHvl4V6AgRAmNDtLdm7faqtsx+aJG42rsyCo9JCoRVKwPFzKlIPx3DIibwSIaQ==",
      "dev": true,
      "dependencies": {
        "abab": "^2.0.6",
        "whatwg-mimetype": "^3.0.0",
        "whatwg-url": "^11.0.0"
      },
      "engines": {
        "node": ">=12"
      }
    },
    "node_modules/debug": {
      "version": "4.3.4",
      "resolved": "https://registry.npmjs.org/debug/-/debug-4.3.4.tgz",
      "integrity": "sha512-PRWFHuSU3eDtQJPvnNY7Jcket1j0t5OuOsFzPPzsekD52Zl8qUfFIPEiswXqIvHWGVHOgX+7G/vCNNhehwxfkQ==",
      "dev": true,
      "dependencies": {
        "ms": "2.1.2"
      },
      "engines": {
        "node": ">=6.0"
      },
      "peerDependenciesMeta": {
        "supports-color": {
          "optional": true
        }
      }
    },
    "node_modules/decimal.js": {
      "version": "10.4.2",
      "resolved": "https://registry.npmjs.org/decimal.js/-/decimal.js-10.4.2.tgz",
      "integrity": "sha512-ic1yEvwT6GuvaYwBLLY6/aFFgjZdySKTE8en/fkU3QICTmRtgtSlFn0u0BXN06InZwtfCelR7j8LRiDI/02iGA==",
      "dev": true
    },
    "node_modules/deep-is": {
      "version": "0.1.4",
      "resolved": "https://registry.npmjs.org/deep-is/-/deep-is-0.1.4.tgz",
      "integrity": "sha512-oIPzksmTg4/MriiaYGO+okXDT7ztn/w3Eptv/+gSIdMdKsJo0u4CfYNFJPy+4SKMuCqGw2wxnA+URMg3t8a/bQ==",
      "dev": true
    },
    "node_modules/delayed-stream": {
      "version": "1.0.0",
      "resolved": "https://registry.npmjs.org/delayed-stream/-/delayed-stream-1.0.0.tgz",
      "integrity": "sha512-ZySD7Nf91aLB0RxL4KGrKHBXl7Eds1DAmEdcoVawXnLD7SDhpNgtuII2aAkg7a7QS41jxPSZ17p4VdGnMHk3MQ==",
      "dev": true,
      "engines": {
        "node": ">=0.4.0"
      }
    },
    "node_modules/dequal": {
      "version": "2.0.3",
      "resolved": "https://registry.npmjs.org/dequal/-/dequal-2.0.3.tgz",
      "integrity": "sha512-0je+qPKHEMohvfRTCEo3CrPG6cAzAYgmzKyxRiYSSDkS6eGJdyVJm7WaYA5ECaAD9wLB2T4EEeymA5aFVcYXCA==",
      "dev": true,
      "engines": {
        "node": ">=6"
      }
    },
    "node_modules/diff": {
      "version": "5.1.0",
      "resolved": "https://registry.npmjs.org/diff/-/diff-5.1.0.tgz",
      "integrity": "sha512-D+mk+qE8VC/PAUrlAU34N+VfXev0ghe5ywmpqrawphmVZc1bEfn56uo9qpyGp1p4xpzOHkSW4ztBd6L7Xx4ACw==",
      "dev": true,
      "engines": {
        "node": ">=0.3.1"
      }
    },
    "node_modules/domexception": {
      "version": "4.0.0",
      "resolved": "https://registry.npmjs.org/domexception/-/domexception-4.0.0.tgz",
      "integrity": "sha512-A2is4PLG+eeSfoTMA95/s4pvAoSo2mKtiM5jlHkAVewmiO8ISFTFKZjH7UAM1Atli/OT/7JHOrJRJiMKUZKYBw==",
      "dev": true,
      "dependencies": {
        "webidl-conversions": "^7.0.0"
      },
      "engines": {
        "node": ">=12"
      }
    },
    "node_modules/entities": {
      "version": "4.4.0",
      "resolved": "https://registry.npmjs.org/entities/-/entities-4.4.0.tgz",
      "integrity": "sha512-oYp7156SP8LkeGD0GF85ad1X9Ai79WtRsZ2gxJqtBuzH+98YUV6jkHEKlZkMbcrjJjIVJNIDP/3WL9wQkoPbWA==",
      "dev": true,
      "engines": {
        "node": ">=0.12"
      },
      "funding": {
        "url": "https://github.com/fb55/entities?sponsor=1"
      }
    },
    "node_modules/escodegen": {
      "version": "2.0.0",
      "resolved": "https://registry.npmjs.org/escodegen/-/escodegen-2.0.0.tgz",
      "integrity": "sha512-mmHKys/C8BFUGI+MAWNcSYoORYLMdPzjrknd2Vc+bUsjN5bXcr8EhrNB+UTqfL1y3I9c4fw2ihgtMPQLBRiQxw==",
      "dev": true,
      "dependencies": {
        "esprima": "^4.0.1",
        "estraverse": "^5.2.0",
        "esutils": "^2.0.2",
        "optionator": "^0.8.1"
      },
      "bin": {
        "escodegen": "bin/escodegen.js",
        "esgenerate": "bin/esgenerate.js"
      },
      "engines": {
        "node": ">=6.0"
      },
      "optionalDependencies": {
        "source-map": "~0.6.1"
      }
    },
    "node_modules/esprima": {
      "version": "4.0.1",
      "resolved": "https://registry.npmjs.org/esprima/-/esprima-4.0.1.tgz",
      "integrity": "sha512-eGuFFw7Upda+g4p+QHvnW0RyTX/SVeJBDM/gCtMARO0cLuT2HcEKnTPvhjV6aGeqrCB/sbNop0Kszm0jsaWU4A==",
      "dev": true,
      "bin": {
        "esparse": "bin/esparse.js",
        "esvalidate": "bin/esvalidate.js"
      },
      "engines": {
        "node": ">=4"
      }
    },
    "node_modules/estraverse": {
      "version": "5.3.0",
      "resolved": "https://registry.npmjs.org/estraverse/-/estraverse-5.3.0.tgz",
      "integrity": "sha512-MMdARuVEQziNTeJD8DgMqmhwR11BRQ/cBP+pLtYdSTnf3MIO8fFeiINEbX36ZdNlfU/7A9f3gUw49B3oQsvwBA==",
      "dev": true,
      "engines": {
        "node": ">=4.0"
      }
    },
    "node_modules/esutils": {
      "version": "2.0.3",
      "resolved": "https://registry.npmjs.org/esutils/-/esutils-2.0.3.tgz",
      "integrity": "sha512-kVscqXk4OCp68SZ0dkgEKVi6/8ij300KBWTJq32P/dYeWTSwK41WyTxalN1eRmA5Z9UU/LX9D7FWSmV9SAYx6g==",
      "dev": true,
      "engines": {
        "node": ">=0.10.0"
      }
    },
    "node_modules/fast-levenshtein": {
      "version": "2.0.6",
      "resolved": "https://registry.npmjs.org/fast-levenshtein/-/fast-levenshtein-2.0.6.tgz",
      "integrity": "sha512-DCXu6Ifhqcks7TZKY3Hxp3y6qphY5SJZmrWMDrKcERSOXWQdMhU9Ig/PYrzyw/ul9jOIyh0N4M0tbC5hodg8dw==",
      "dev": true
    },
    "node_modules/form-data": {
      "version": "4.0.0",
      "resolved": "https://registry.npmjs.org/form-data/-/form-data-4.0.0.tgz",
      "integrity": "sha512-ETEklSGi5t0QMZuiXoA/Q6vcnxcLQP5vdugSpuAyi6SVGi2clPPp+xgEhuMaHC+zGgn31Kd235W35f7Hykkaww==",
      "dev": true,
      "dependencies": {
        "asynckit": "^0.4.0",
        "combined-stream": "^1.0.8",
        "mime-types": "^2.1.12"
      },
      "engines": {
        "node": ">= 6"
      }
    },
    "node_modules/html-encoding-sniffer": {
      "version": "3.0.0",
      "resolved": "https://registry.npmjs.org/html-encoding-sniffer/-/html-encoding-sniffer-3.0.0.tgz",
      "integrity": "sha512-oWv4T4yJ52iKrufjnyZPkrN0CH3QnrUqdB6In1g5Fe1mia8GmF36gnfNySxoZtxD5+NmYw1EElVXiBk93UeskA==",
      "dev": true,
      "dependencies": {
        "whatwg-encoding": "^2.0.0"
      },
      "engines": {
        "node": ">=12"
      }
    },
    "node_modules/http-proxy-agent": {
      "version": "5.0.0",
      "resolved": "https://registry.npmjs.org/http-proxy-agent/-/http-proxy-agent-5.0.0.tgz",
      "integrity": "sha512-n2hY8YdoRE1i7r6M0w9DIw5GgZN0G25P8zLCRQ8rjXtTU3vsNFBI/vWK/UIeE6g5MUUz6avwAPXmL6Fy9D/90w==",
      "dev": true,
      "dependencies": {
        "@tootallnate/once": "2",
        "agent-base": "6",
        "debug": "4"
      },
      "engines": {
        "node": ">= 6"
      }
    },
    "node_modules/https-proxy-agent": {
      "version": "5.0.1",
      "resolved": "https://registry.npmjs.org/https-proxy-agent/-/https-proxy-agent-5.0.1.tgz",
      "integrity": "sha512-dFcAjpTQFgoLMzC2VwU+C/CbS7uRL0lWmxDITmqm7C+7F0Odmj6s9l6alZc6AELXhrnggM2CeWSXHGOdX2YtwA==",
      "dev": true,
      "dependencies": {
        "agent-base": "6",
        "debug": "4"
      },
      "engines": {
        "node": ">= 6"
      }
    },
    "node_modules/iconv-lite": {
      "version": "0.6.3",
      "resolved": "https://registry.npmjs.org/iconv-lite/-/iconv-lite-0.6.3.tgz",
      "integrity": "sha512-4fCk79wshMdzMp2rH06qWrJE4iolqLhCUH+OiuIgU++RB0+94NlDL81atO7GX55uUKueo0txHNtvEyI6D7WdMw==",
      "dev": true,
      "dependencies": {
        "safer-buffer": ">= 2.1.2 < 3.0.0"
      },
      "engines": {
        "node": ">=0.10.0"
      }
    },
    "node_modules/is-potential-custom-element-name": {
      "version": "1.0.1",
      "resolved": "https://registry.npmjs.org/is-potential-custom-element-name/-/is-potential-custom-element-name-1.0.1.tgz",
      "integrity": "sha512-bCYeRA2rVibKZd+s2625gGnGF/t7DSqDs4dP7CrLA1m7jKWz6pps0LpYLJN8Q64HtmPKJ1hrN3nzPNKFEKOUiQ==",
      "dev": true
    },
    "node_modules/jsdom": {
      "version": "20.0.2",
      "resolved": "https://registry.npmjs.org/jsdom/-/jsdom-20.0.2.tgz",
      "integrity": "sha512-AHWa+QO/cgRg4N+DsmHg1Y7xnz+8KU3EflM0LVDTdmrYOc1WWTSkOjtpUveQH+1Bqd5rtcVnb/DuxV/UjDO4rA==",
      "dev": true,
      "dependencies": {
        "abab": "^2.0.6",
        "acorn": "^8.8.0",
        "acorn-globals": "^7.0.0",
        "cssom": "^0.5.0",
        "cssstyle": "^2.3.0",
        "data-urls": "^3.0.2",
        "decimal.js": "^10.4.1",
        "domexception": "^4.0.0",
        "escodegen": "^2.0.0",
        "form-data": "^4.0.0",
        "html-encoding-sniffer": "^3.0.0",
        "http-proxy-agent": "^5.0.0",
        "https-proxy-agent": "^5.0.1",
        "is-potential-custom-element-name": "^1.0.1",
        "nwsapi": "^2.2.2",
        "parse5": "^7.1.1",
        "saxes": "^6.0.0",
        "symbol-tree": "^3.2.4",
        "tough-cookie": "^4.1.2",
        "w3c-xmlserializer": "^3.0.0",
        "webidl-conversions": "^7.0.0",
        "whatwg-encoding": "^2.0.0",
        "whatwg-mimetype": "^3.0.0",
        "whatwg-url": "^11.0.0",
        "ws": "^8.9.0",
        "xml-name-validator": "^4.0.0"
      },
      "engines": {
        "node": ">=14"
      },
      "peerDependencies": {
        "canvas": "^2.5.0"
      },
      "peerDependenciesMeta": {
        "canvas": {
          "optional": true
        }
      }
    },
    "node_modules/kleur": {
      "version": "4.1.5",
      "resolved": "https://registry.npmjs.org/kleur/-/kleur-4.1.5.tgz",
      "integrity": "sha512-o+NO+8WrRiQEE4/7nwRJhN1HWpVmJm511pBHUxPLtp0BUISzlBplORYSmTclCnJvQq2tKu/sgl3xVpkc7ZWuQQ==",
      "dev": true,
      "engines": {
        "node": ">=6"
      }
    },
    "node_modules/levn": {
      "version": "0.3.0",
      "resolved": "https://registry.npmjs.org/levn/-/levn-0.3.0.tgz",
      "integrity": "sha512-0OO4y2iOHix2W6ujICbKIaEQXvFQHue65vUG3pb5EUomzPI90z9hsA1VsO/dbIIpC53J8gxM9Q4Oho0jrCM/yA==",
      "dev": true,
      "dependencies": {
        "prelude-ls": "~1.1.2",
        "type-check": "~0.3.2"
      },
      "engines": {
        "node": ">= 0.8.0"
      }
    },
    "node_modules/mime-db": {
      "version": "1.52.0",
      "resolved": "https://registry.npmjs.org/mime-db/-/mime-db-1.52.0.tgz",
      "integrity": "sha512-sPU4uV7dYlvtWJxwwxHD0PuihVNiE7TyAbQ5SWxDCB9mUYvOgroQOwYQQOKPJ8CIbE+1ETVlOoK1UC2nU3gYvg==",
      "dev": true,
      "engines": {
        "node": ">= 0.6"
      }
    },
    "node_modules/mime-types": {
      "version": "2.1.35",
      "resolved": "https://registry.npmjs.org/mime-types/-/mime-types-2.1.35.tgz",
      "integrity": "sha512-ZDY+bPm5zTTF+YpCrAU9nK0UgICYPT0QtT1NZWFv4s++TNkcgVaT0g6+4R2uI4MjQjzysHB1zxuWL50hzaeXiw==",
      "dev": true,
      "dependencies": {
        "mime-db": "1.52.0"
      },
      "engines": {
        "node": ">= 0.6"
      }
    },
    "node_modules/mri": {
      "version": "1.2.0",
      "resolved": "https://registry.npmjs.org/mri/-/mri-1.2.0.tgz",
      "integrity": "sha512-tzzskb3bG8LvYGFF/mDTpq3jpI6Q9wc3LEmBaghu+DdCssd1FakN7Bc0hVNmEyGq1bq3RgfkCb3cmQLpNPOroA==",
      "dev": true,
      "engines": {
        "node": ">=4"
      }
    },
    "node_modules/ms": {
      "version": "2.1.2",
      "resolved": "https://registry.npmjs.org/ms/-/ms-2.1.2.tgz",
      "integrity": "sha512-sGkPx+VjMtmA6MX27oA4FBFELFCZZ4S4XqeGOXCv68tT+jb3vk/RyaKWP0PTKyWtmLSM0b+adUTEvbs1PEaH2w==",
      "dev": true
    },
    "node_modules/nwsapi": {
      "version": "2.2.2",
      "resolved": "https://registry.npmjs.org/nwsapi/-/nwsapi-2.2.2.tgz",
      "integrity": "sha512-90yv+6538zuvUMnN+zCr8LuV6bPFdq50304114vJYJ8RDyK8D5O9Phpbd6SZWgI7PwzmmfN1upeOJlvybDSgCw==",
      "dev": true
    },
    "node_modules/optionator": {
      "version": "0.8.3",
      "resolved": "https://registry.npmjs.org/optionator/-/optionator-0.8.3.tgz",
      "integrity": "sha512-+IW9pACdk3XWmmTXG8m3upGUJst5XRGzxMRjXzAuJ1XnIFNvfhjjIuYkDvysnPQ7qzqVzLt78BCruntqRhWQbA==",
      "dev": true,
      "dependencies": {
        "deep-is": "~0.1.3",
        "fast-levenshtein": "~2.0.6",
        "levn": "~0.3.0",
        "prelude-ls": "~1.1.2",
        "type-check": "~0.3.2",
        "word-wrap": "~1.2.3"
      },
      "engines": {
        "node": ">= 0.8.0"
      }
    },
    "node_modules/parse5": {
      "version": "7.1.1",
      "resolved": "https://registry.npmjs.org/parse5/-/parse5-7.1.1.tgz",
      "integrity": "sha512-kwpuwzB+px5WUg9pyK0IcK/shltJN5/OVhQagxhCQNtT9Y9QRZqNY2e1cmbu/paRh5LMnz/oVTVLBpjFmMZhSg==",
      "dev": true,
      "dependencies": {
        "entities": "^4.4.0"
      },
      "funding": {
        "url": "https://github.com/inikulin/parse5?sponsor=1"
      }
    },
    "node_modules/prelude-ls": {
      "version": "1.1.2",
      "resolved": "https://registry.npmjs.org/prelude-ls/-/prelude-ls-1.1.2.tgz",
      "integrity": "sha512-ESF23V4SKG6lVSGZgYNpbsiaAkdab6ZgOxe52p7+Kid3W3u3bxR4Vfd/o21dmN7jSt0IwgZ4v5MUd26FEtXE9w==",
      "dev": true,
      "engines": {
        "node": ">= 0.8.0"
      }
    },
    "node_modules/psl": {
      "version": "1.9.0",
      "resolved": "https://registry.npmjs.org/psl/-/psl-1.9.0.tgz",
      "integrity": "sha512-E/ZsdU4HLs/68gYzgGTkMicWTLPdAftJLfJFlLUAAKZGkStNU72sZjT66SnMDVOfOWY/YAoiD7Jxa9iHvngcag==",
      "dev": true
    },
    "node_modules/punycode": {
      "version": "2.1.1",
      "resolved": "https://registry.npmjs.org/punycode/-/punycode-2.1.1.tgz",
      "integrity": "sha512-XRsRjdf+j5ml+y/6GKHPZbrF/8p2Yga0JPtdqTIY2Xe5ohJPD9saDJJLPvp9+NSBprVvevdXZybnj2cv8OEd0A==",
      "dev": true,
      "engines": {
        "node": ">=6"
      }
    },
    "node_modules/querystringify": {
      "version": "2.2.0",
      "resolved": "https://registry.npmjs.org/querystringify/-/querystringify-2.2.0.tgz",
      "integrity": "sha512-FIqgj2EUvTa7R50u0rGsyTftzjYmv/a3hO345bZNrqabNqjtgiDMgmo4mkUjd+nzU5oF3dClKqFIPUKybUyqoQ==",
      "dev": true
    },
    "node_modules/requires-port": {
      "version": "1.0.0",
      "resolved": "https://registry.npmjs.org/requires-port/-/requires-port-1.0.0.tgz",
      "integrity": "sha512-KigOCHcocU3XODJxsu8i/j8T9tzT4adHiecwORRQ0ZZFcp7ahwXuRU1m+yuO90C5ZUyGeGfocHDI14M3L3yDAQ==",
      "dev": true
    },
    "node_modules/sade": {
      "version": "1.8.1",
      "resolved": "https://registry.npmjs.org/sade/-/sade-1.8.1.tgz",
      "integrity": "sha512-xal3CZX1Xlo/k4ApwCFrHVACi9fBqJ7V+mwhBsuf/1IOKbBy098Fex+Wa/5QMubw09pSZ/u8EY8PWgevJsXp1A==",
      "dev": true,
      "dependencies": {
        "mri": "^1.1.0"
      },
      "engines": {
        "node": ">=6"
      }
    },
    "node_modules/safer-buffer": {
      "version": "2.1.2",
      "resolved": "https://registry.npmjs.org/safer-buffer/-/safer-buffer-2.1.2.tgz",
      "integrity": "sha512-YZo3K82SD7Riyi0E1EQPojLz7kpepnSQI9IyPbHHg1XXXevb5dJI7tpyN2ADxGcQbHG7vcyRHk0cbwqcQriUtg==",
      "dev": true
    },
    "node_modules/saxes": {
      "version": "6.0.0",
      "resolved": "https://registry.npmjs.org/saxes/-/saxes-6.0.0.tgz",
      "integrity": "sha512-xAg7SOnEhrm5zI3puOOKyy1OMcMlIJZYNJY7xLBwSze0UjhPLnWfj2GF2EpT0jmzaJKIWKHLsaSSajf35bcYnA==",
      "dev": true,
      "dependencies": {
        "xmlchars": "^2.2.0"
      },
      "engines": {
        "node": ">=v12.22.7"
      }
    },
    "node_modules/source-map": {
      "version": "0.6.1",
      "resolved": "https://registry.npmjs.org/source-map/-/source-map-0.6.1.tgz",
      "integrity": "sha512-UjgapumWlbMhkBgzT7Ykc5YXUT46F0iKu8SGXq0bcwP5dz/h0Plj6enJqjz1Zbq2l5WaqYnrVbwWOWMyF3F47g==",
      "dev": true,
      "optional": true,
      "engines": {
        "node": ">=0.10.0"
      }
    },
    "node_modules/symbol-tree": {
      "version": "3.2.4",
      "resolved": "https://registry.npmjs.org/symbol-tree/-/symbol-tree-3.2.4.tgz",
      "integrity": "sha512-9QNk5KwDF+Bvz+PyObkmSYjI5ksVUYtjW7AU22r2NKcfLJcXp96hkDWU3+XndOsUb+AQ9QhfzfCT2O+CNWT5Tw==",
      "dev": true
    },
    "node_modules/tough-cookie": {
      "version": "4.1.2",
      "resolved": "https://registry.npmjs.org/tough-cookie/-/tough-cookie-4.1.2.tgz",
      "integrity": "sha512-G9fqXWoYFZgTc2z8Q5zaHy/vJMjm+WV0AkAeHxVCQiEB1b+dGvWzFW6QV07cY5jQ5gRkeid2qIkzkxUnmoQZUQ==",
      "dev": true,
      "dependencies": {
        "psl": "^1.1.33",
        "punycode": "^2.1.1",
        "universalify": "^0.2.0",
        "url-parse": "^1.5.3"
      },
      "engines": {
        "node": ">=6"
      }
    },
    "node_modules/tr46": {
      "version": "3.0.0",
      "resolved": "https://registry.npmjs.org/tr46/-/tr46-3.0.0.tgz",
      "integrity": "sha512-l7FvfAHlcmulp8kr+flpQZmVwtu7nfRV7NZujtN0OqES8EL4O4e0qqzL0DC5gAvx/ZC/9lk6rhcUwYvkBnBnYA==",
      "dev": true,
      "dependencies": {
        "punycode": "^2.1.1"
      },
      "engines": {
        "node": ">=12"
      }
    },
    "node_modules/type-check": {
      "version": "0.3.2",
      "resolved": "https://registry.npmjs.org/type-check/-/type-check-0.3.2.tgz",
      "integrity": "sha512-ZCmOJdvOWDBYJlzAoFkC+Q0+bUyEOS1ltgp1MGU03fqHG+dbi9tBFU2Rd9QKiDZFAYrhPh2JUf7rZRIuHRKtOg==",
      "dev": true,
      "dependencies": {
        "prelude-ls": "~1.1.2"
      },
      "engines": {
        "node": ">= 0.8.0"
      }
    },
    "node_modules/universalify": {
      "version": "0.2.0",
      "resolved": "https://registry.npmjs.org/universalify/-/universalify-0.2.0.tgz",
      "integrity": "sha512-CJ1QgKmNg3CwvAv/kOFmtnEN05f0D/cn9QntgNOQlQF9dgvVTHj3t+8JPdjqawCHk7V/KA+fbUqzZ9XWhcqPUg==",
      "dev": true,
      "engines": {
        "node": ">= 4.0.0"
      }
    },
    "node_modules/url-parse": {
      "version": "1.5.10",
      "resolved": "https://registry.npmjs.org/url-parse/-/url-parse-1.5.10.tgz",
      "integrity": "sha512-WypcfiRhfeUP9vvF0j6rw0J3hrWrw6iZv3+22h6iRMJ/8z1Tj6XfLP4DsUix5MhMPnXpiHDoKyoZ/bdCkwBCiQ==",
      "dev": true,
      "dependencies": {
        "querystringify": "^2.1.1",
        "requires-port": "^1.0.0"
      }
    },
    "node_modules/uvu": {
      "version": "0.5.6",
      "resolved": "https://registry.npmjs.org/uvu/-/uvu-0.5.6.tgz",
      "integrity": "sha512-+g8ENReyr8YsOc6fv/NVJs2vFdHBnBNdfE49rshrTzDWOlUx4Gq7KOS2GD8eqhy2j+Ejq29+SbKH8yjkAqXqoA==",
      "dev": true,
      "dependencies": {
        "dequal": "^2.0.0",
        "diff": "^5.0.0",
        "kleur": "^4.0.3",
        "sade": "^1.7.3"
      },
      "bin": {
        "uvu": "bin.js"
      },
      "engines": {
        "node": ">=8"
      }
    },
    "node_modules/w3c-xmlserializer": {
      "version": "3.0.0",
      "resolved": "https://registry.npmjs.org/w3c-xmlserializer/-/w3c-xmlserializer-3.0.0.tgz",
      "integrity": "sha512-3WFqGEgSXIyGhOmAFtlicJNMjEps8b1MG31NCA0/vOF9+nKMUW1ckhi9cnNHmf88Rzw5V+dwIwsm2C7X8k9aQg==",
      "dev": true,
      "dependencies": {
        "xml-name-validator": "^4.0.0"
      },
      "engines": {
        "node": ">=12"
      }
    },
    "node_modules/webidl-conversions": {
      "version": "7.0.0",
      "resolved": "https://registry.npmjs.org/webidl-conversions/-/webidl-conversions-7.0.0.tgz",
      "integrity": "sha512-VwddBukDzu71offAQR975unBIGqfKZpM+8ZX6ySk8nYhVoo5CYaZyzt3YBvYtRtO+aoGlqxPg/B87NGVZ/fu6g==",
      "dev": true,
      "engines": {
        "node": ">=12"
      }
    },
    "node_modules/whatwg-encoding": {
      "version": "2.0.0",
      "resolved": "https://registry.npmjs.org/whatwg-encoding/-/whatwg-encoding-2.0.0.tgz",
      "integrity": "sha512-p41ogyeMUrw3jWclHWTQg1k05DSVXPLcVxRTYsXUk+ZooOCZLcoYgPZ/HL/D/N+uQPOtcp1me1WhBEaX02mhWg==",
      "dev": true,
      "dependencies": {
        "iconv-lite": "0.6.3"
      },
      "engines": {
        "node": ">=12"
      }
    },
    "node_modules/whatwg-mimetype": {
      "version": "3.0.0",
      "resolved": "https://registry.npmjs.org/whatwg-mimetype/-/whatwg-mimetype-3.0.0.tgz",
      "integrity": "sha512-nt+N2dzIutVRxARx1nghPKGv1xHikU7HKdfafKkLNLindmPU/ch3U31NOCGGA/dmPcmb1VlofO0vnKAcsm0o/Q==",
      "dev": true,
      "engines": {
        "node": ">=12"
      }
    },
    "node_modules/whatwg-url": {
      "version": "11.0.0",
      "resolved": "https://registry.npmjs.org/whatwg-url/-/whatwg-url-11.0.0.tgz",
      "integrity": "sha512-RKT8HExMpoYx4igMiVMY83lN6UeITKJlBQ+vR/8ZJ8OCdSiN3RwCq+9gH0+Xzj0+5IrM6i4j/6LuvzbZIQgEcQ==",
      "dev": true,
      "dependencies": {
        "tr46": "^3.0.0",
        "webidl-conversions": "^7.0.0"
      },
      "engines": {
        "node": ">=12"
      }
    },
    "node_modules/word-wrap": {
      "version": "1.2.3",
      "resolved": "https://registry.npmjs.org/word-wrap/-/word-wrap-1.2.3.tgz",
      "integrity": "sha512-Hz/mrNwitNRh/HUAtM/VT/5VH+ygD6DV7mYKZAtHOrbs8U7lvPS6xf7EJKMF0uW1KJCl0H701g3ZGus+muE5vQ==",
      "dev": true,
      "engines": {
        "node": ">=0.10.0"
      }
    },
    "node_modules/ws": {
      "version": "8.11.0",
      "resolved": "https://registry.npmjs.org/ws/-/ws-8.11.0.tgz",
      "integrity": "sha512-HPG3wQd9sNQoT9xHyNCXoDUa+Xw/VevmY9FoHyQ+g+rrMn4j6FB4np7Z0OhdTgjx6MgQLK7jwSy1YecU1+4Asg==",
      "dev": true,
      "engines": {
        "node": ">=10.0.0"
      },
      "peerDependencies": {
        "bufferutil": "^4.0.1",
        "utf-8-validate": "^5.0.2"
      },
      "peerDependenciesMeta": {
        "bufferutil": {
          "optional": true
        },
        "utf-8-validate": {
          "optional": true
        }
      }
    },
    "node_modules/xml-name-validator": {
      "version": "4.0.0",
      "resolved": "https://registry.npmjs.org/xml-name-validator/-/xml-name-validator-4.0.0.tgz",
      "integrity": "sha512-ICP2e+jsHvAj2E2lIHxa5tjXRlKDJo4IdvPvCXbXQGdzSfmSpNVyIKMvoZHjDY9DP0zV17iI85o90vRFXNccRw==",
      "dev": true,
      "engines": {
        "node": ">=12"
      }
    },
    "node_modules/xmlchars": {
      "version": "2.2.0",
      "resolved": "https://registry.npmjs.org/xmlchars/-/xmlchars-2.2.0.tgz",
      "integrity": "sha512-JZnDKK8B0RCDw84FNdDAIpZK+JuJw+s7Lz8nksI7SIuU3UXJJslUthsi+uWBUYOwPFwW7W7PRLRfUKpxjtjFCw==",
      "dev": true
    }
  },
  "dependencies": {
    "@tootallnate/once": {
      "version": "2.0.0",
      "resolved": "https://registry.npmjs.org/@tootallnate/once/-/once-2.0.0.tgz",
      "integrity": "sha512-XCuKFP5PS55gnMVu3dty8KPatLqUoy/ZYzDzAGCQ8JNFCkLXzmI7vNHCR+XpbZaMWQK/vQubr7PkYq8g470J/A==",
      "dev": true
    },
    "abab": {
      "version": "2.0.6",
      "resolved": "https://registry.npmjs.org/abab/-/abab-2.0.6.tgz",
      "integrity": "sha512-j2afSsaIENvHZN2B8GOpF566vZ5WVk5opAiMTvWgaQT8DkbOqsTfvNAvHoRGU2zzP8cPoqys+xHTRDWW8L+/BA==",
      "dev": true
    },
    "acorn": {
      "version": "8.8.1",
      "resolved": "https://registry.npmjs.org/acorn/-/acorn-8.8.1.tgz",
      "integrity": "sha512-7zFpHzhnqYKrkYdUjF1HI1bzd0VygEGX8lFk4k5zVMqHEoES+P+7TKI+EvLO9WVMJ8eekdO0aDEK044xTXwPPA==",
      "dev": true
    },
    "acorn-globals": {
      "version": "7.0.1",
      "resolved": "https://registry.npmjs.org/acorn-globals/-/acorn-globals-7.0.1.tgz",
      "integrity": "sha512-umOSDSDrfHbTNPuNpC2NSnnA3LUrqpevPb4T9jRx4MagXNS0rs+gwiTcAvqCRmsD6utzsrzNt+ebm00SNWiC3Q==",
      "dev": true,
      "requires": {
        "acorn": "^8.1.0",
        "acorn-walk": "^8.0.2"
      }
    },
    "acorn-walk": {
      "version": "8.2.0",
      "resolved": "https://registry.npmjs.org/acorn-walk/-/acorn-walk-8.2.0.tgz",
      "integrity": "sha512-k+iyHEuPgSw6SbuDpGQM+06HQUa04DZ3o+F6CSzXMvvI5KMvnaEqXe+YVe555R9nn6GPt404fos4wcgpw12SDA==",
      "dev": true
    },
    "agent-base": {
      "version": "6.0.2",
      "resolved": "https://registry.npmjs.org/agent-base/-/agent-base-6.0.2.tgz",
      "integrity": "sha512-RZNwNclF7+MS/8bDg70amg32dyeZGZxiDuQmZxKLAlQjr3jGyLx+4Kkk58UO7D2QdgFIQCovuSuZESne6RG6XQ==",
      "dev": true,
      "requires": {
        "debug": "4"
      }
    },
    "asynckit": {
      "version": "0.4.0",
      "resolved": "https://registry.npmjs.org/asynckit/-/asynckit-0.4.0.tgz",
      "integrity": "sha512-Oei9OH4tRh0YqU3GxhX79dM/mwVgvbZJaSNaRk+bshkj0S5cfHcgYakreBjrHwatXKbz+IoIdYLxrKim2MjW0Q==",
      "dev": true
    },
    "combined-stream": {
      "version": "1.0.8",
      "resolved": "https://registry.npmjs.org/combined-stream/-/combined-stream-1.0.8.tgz",
      "integrity": "sha512-FQN4MRfuJeHf7cBbBMJFXhKSDq+2kAArBlmRBvcvFE5BB1HZKXtSFASDhdlz9zOYwxh8lDdnvmMOe/+5cdoEdg==",
      "dev": true,
      "requires": {
        "delayed-stream": "~1.0.0"
      }
    },
    "cssom": {
      "version": "0.5.0",
      "resolved": "https://registry.npmjs.org/cssom/-/cssom-0.5.0.tgz",
      "integrity": "sha512-iKuQcq+NdHqlAcwUY0o/HL69XQrUaQdMjmStJ8JFmUaiiQErlhrmuigkg/CU4E2J0IyUKUrMAgl36TvN67MqTw==",
      "dev": true
    },
    "cssstyle": {
      "version": "2.3.0",
      "resolved": "https://registry.npmjs.org/cssstyle/-/cssstyle-2.3.0.tgz",
      "integrity": "sha512-AZL67abkUzIuvcHqk7c09cezpGNcxUxU4Ioi/05xHk4DQeTkWmGYftIE6ctU6AEt+Gn4n1lDStOtj7FKycP71A==",
      "dev": true,
      "requires": {
        "cssom": "~0.3.6"
      },
      "dependencies": {
        "cssom": {
          "version": "0.3.8",
          "resolved": "https://registry.npmjs.org/cssom/-/cssom-0.3.8.tgz",
          "integrity": "sha512-b0tGHbfegbhPJpxpiBPU2sCkigAqtM9O121le6bbOlgyV+NyGyCmVfJ6QW9eRjz8CpNfWEOYBIMIGRYkLwsIYg==",
          "dev": true
        }
      }
    },
    "data-urls": {
      "version": "3.0.2",
      "resolved": "https://registry.npmjs.org/data-urls/-/data-urls-3.0.2.tgz",
      "integrity": "sha512-Jy/tj3ldjZJo63sVAvg6LHt2mHvl4V6AgRAmNDtLdm7faqtsx+aJG42rsyCo9JCoRVKwPFzKlIPx3DIibwSIaQ==",
      "dev": true,
      "requires": {
        "abab": "^2.0.6",
        "whatwg-mimetype": "^3.0.0",
        "whatwg-url": "^11.0.0"
      }
    },
    "debug": {
      "version": "4.3.4",
      "resolved": "https://registry.npmjs.org/debug/-/debug-4.3.4.tgz",
      "integrity": "sha512-PRWFHuSU3eDtQJPvnNY7Jcket1j0t5OuOsFzPPzsekD52Zl8qUfFIPEiswXqIvHWGVHOgX+7G/vCNNhehwxfkQ==",
      "dev": true,
      "requires": {
        "ms": "2.1.2"
      }
    },
    "decimal.js": {
      "version": "10.4.2",
      "resolved": "https://registry.npmjs.org/decimal.js/-/decimal.js-10.4.2.tgz",
      "integrity": "sha512-ic1yEvwT6GuvaYwBLLY6/aFFgjZdySKTE8en/fkU3QICTmRtgtSlFn0u0BXN06InZwtfCelR7j8LRiDI/02iGA==",
      "dev": true
    },
    "deep-is": {
      "version": "0.1.4",
      "resolved": "https://registry.npmjs.org/deep-is/-/deep-is-0.1.4.tgz",
      "integrity": "sha512-oIPzksmTg4/MriiaYGO+okXDT7ztn/w3Eptv/+gSIdMdKsJo0u4CfYNFJPy+4SKMuCqGw2wxnA+URMg3t8a/bQ==",
      "dev": true
    },
    "delayed-stream": {
      "version": "1.0.0",
      "resolved": "https://registry.npmjs.org/delayed-stream/-/delayed-stream-1.0.0.tgz",
      "integrity": "sha512-ZySD7Nf91aLB0RxL4KGrKHBXl7Eds1DAmEdcoVawXnLD7SDhpNgtuII2aAkg7a7QS41jxPSZ17p4VdGnMHk3MQ==",
      "dev": true
    },
    "dequal": {
      "version": "2.0.3",
      "resolved": "https://registry.npmjs.org/dequal/-/dequal-2.0.3.tgz",
      "integrity": "sha512-0je+qPKHEMohvfRTCEo3CrPG6cAzAYgmzKyxRiYSSDkS6eGJdyVJm7WaYA5ECaAD9wLB2T4EEeymA5aFVcYXCA==",
      "dev": true
    },
    "diff": {
      "version": "5.1.0",
      "resolved": "https://registry.npmjs.org/diff/-/diff-5.1.0.tgz",
      "integrity": "sha512-D+mk+qE8VC/PAUrlAU34N+VfXev0ghe5ywmpqrawphmVZc1bEfn56uo9qpyGp1p4xpzOHkSW4ztBd6L7Xx4ACw==",
      "dev": true
    },
    "domexception": {
      "version": "4.0.0",
      "resolved": "https://registry.npmjs.org/domexception/-/domexception-4.0.0.tgz",
      "integrity": "sha512-A2is4PLG+eeSfoTMA95/s4pvAoSo2mKtiM5jlHkAVewmiO8ISFTFKZjH7UAM1Atli/OT/7JHOrJRJiMKUZKYBw==",
      "dev": true,
      "requires": {
        "webidl-conversions": "^7.0.0"
      }
    },
    "entities": {
      "version": "4.4.0",
      "resolved": "https://registry.npmjs.org/entities/-/entities-4.4.0.tgz",
      "integrity": "sha512-oYp7156SP8LkeGD0GF85ad1X9Ai79WtRsZ2gxJqtBuzH+98YUV6jkHEKlZkMbcrjJjIVJNIDP/3WL9wQkoPbWA==",
      "dev": true
    },
    "escodegen": {
      "version": "2.0.0",
      "resolved": "https://registry.npmjs.org/escodegen/-/escodegen-2.0.0.tgz",
      "integrity": "sha512-mmHKys/C8BFUGI+MAWNcSYoORYLMdPzjrknd2Vc+bUsjN5bXcr8EhrNB+UTqfL1y3I9c4fw2ihgtMPQLBRiQxw==",
      "dev": true,
      "requires": {
        "esprima": "^4.0.1",
        "estraverse": "^5.2.0",
        "esutils": "^2.0.2",
        "optionator": "^0.8.1",
        "source-map": "~0.6.1"
      }
    },
    "esprima": {
      "version": "4.0.1",
      "resolved": "https://registry.npmjs.org/esprima/-/esprima-4.0.1.tgz",
      "integrity": "sha512-eGuFFw7Upda+g4p+QHvnW0RyTX/SVeJBDM/gCtMARO0cLuT2HcEKnTPvhjV6aGeqrCB/sbNop0Kszm0jsaWU4A==",
      "dev": true
    },
    "estraverse": {
      "version": "5.3.0",
      "resolved": "https://registry.npmjs.org/estraverse/-/estraverse-5.3.0.tgz",
      "integrity": "sha512-MMdARuVEQziNTeJD8DgMqmhwR11BRQ/cBP+pLtYdSTnf3MIO8fFeiINEbX36ZdNlfU/7A9f3gUw49B3oQsvwBA==",
      "dev": true
    },
    "esutils": {
      "version": "2.0.3",
      "resolved": "https://registry.npmjs.org/esutils/-/esutils-2.0.3.tgz",
      "integrity": "sha512-kVscqXk4OCp68SZ0dkgEKVi6/8ij300KBWTJq32P/dYeWTSwK41WyTxalN1eRmA5Z9UU/LX9D7FWSmV9SAYx6g==",
      "dev": true
    },
    "fast-levenshtein": {
      "version": "2.0.6",
      "resolved": "https://registry.npmjs.org/fast-levenshtein/-/fast-levenshtein-2.0.6.tgz",
      "integrity": "sha512-DCXu6Ifhqcks7TZKY3Hxp3y6qphY5SJZmrWMDrKcERSOXWQdMhU9Ig/PYrzyw/ul9jOIyh0N4M0tbC5hodg8dw==",
      "dev": true
    },
    "form-data": {
      "version": "4.0.0",
      "resolved": "https://registry.npmjs.org/form-data/-/form-data-4.0.0.tgz",
      "integrity": "sha512-ETEklSGi5t0QMZuiXoA/Q6vcnxcLQP5vdugSpuAyi6SVGi2clPPp+xgEhuMaHC+zGgn31Kd235W35f7Hykkaww==",
      "dev": true,
      "requires": {
        "asynckit": "^0.4.0",
        "combined-stream": "^1.0.8",
        "mime-types": "^2.1.12"
      }
    },
    "html-encoding-sniffer": {
      "version": "3.0.0",
      "resolved": "https://registry.npmjs.org/html-encoding-sniffer/-/html-encoding-sniffer-3.0.0.tgz",
      "integrity": "sha512-oWv4T4yJ52iKrufjnyZPkrN0CH3QnrUqdB6In1g5Fe1mia8GmF36gnfNySxoZtxD5+NmYw1EElVXiBk93UeskA==",
      "dev": true,
      "requires": {
        "whatwg-encoding": "^2.0.0"
      }
    },
    "http-proxy-agent": {
      "version": "5.0.0",
      "resolved": "https://registry.npmjs.org/http-proxy-agent/-/http-proxy-agent-5.0.0.tgz",
      "integrity": "sha512-n2hY8YdoRE1i7r6M0w9DIw5GgZN0G25P8zLCRQ8rjXtTU3vsNFBI/vWK/UIeE6g5MUUz6avwAPXmL6Fy9D/90w==",
      "dev": true,
      "requires": {
        "@tootallnate/once": "2",
        "agent-base": "6",
        "debug": "4"
      }
    },
    "https-proxy-agent": {
      "version": "5.0.1",
      "resolved": "https://registry.npmjs.org/https-proxy-agent/-/https-proxy-agent-5.0.1.tgz",
      "integrity": "sha512-dFcAjpTQFgoLMzC2VwU+C/CbS7uRL0lWmxDITmqm7C+7F0Odmj6s9l6alZc6AELXhrnggM2CeWSXHGOdX2YtwA==",
      "dev": true,
      "requires": {
        "agent-base": "6",
        "debug": "4"
      }
    },
    "iconv-lite": {
      "version": "0.6.3",
      "resolved": "https://registry.npmjs.org/iconv-lite/-/iconv-lite-0.6.3.tgz",
      "integrity": "sha512-4fCk79wshMdzMp2rH06qWrJE4iolqLhCUH+OiuIgU++RB0+94NlDL81atO7GX55uUKueo0txHNtvEyI6D7WdMw==",
      "dev": true,
      "requires": {
        "safer-buffer": ">= 2.1.2 < 3.0.0"
      }
    },
    "is-potential-custom-element-name": {
      "version": "1.0.1",
      "resolved": "https://registry.npmjs.org/is-potential-custom-element-name/-/is-potential-custom-element-name-1.0.1.tgz",
      "integrity": "sha512-bCYeRA2rVibKZd+s2625gGnGF/t7DSqDs4dP7CrLA1m7jKWz6pps0LpYLJN8Q64HtmPKJ1hrN3nzPNKFEKOUiQ==",
      "dev": true
    },
    "jsdom": {
      "version": "20.0.2",
      "resolved": "https://registry.npmjs.org/jsdom/-/jsdom-20.0.2.tgz",
      "integrity": "sha512-AHWa+QO/cgRg4N+DsmHg1Y7xnz+8KU3EflM0LVDTdmrYOc1WWTSkOjtpUveQH+1Bqd5rtcVnb/DuxV/UjDO4rA==",
      "dev": true,
      "requires": {
        "abab": "^2.0.6",
        "acorn": "^8.8.0",
        "acorn-globals": "^7.0.0",
        "cssom": "^0.5.0",
        "cssstyle": "^2.3.0",
        "data-urls": "^3.0.2",
        "decimal.js": "^10.4.1",
        "domexception": "^4.0.0",
        "escodegen": "^2.0.0",
        "form-data": "^4.0.0",
        "html-encoding-sniffer": "^3.0.0",
        "http-proxy-agent": "^5.0.0",
        "https-proxy-agent": "^5.0.1",
        "is-potential-custom-element-name": "^1.0.1",
        "nwsapi": "^2.2.2",
        "parse5": "^7.1.1",
        "saxes": "^6.0.0",
        "symbol-tree": "^3.2.4",
        "tough-cookie": "^4.1.2",
        "w3c-xmlserializer": "^3.0.0",
        "webidl-conversions": "^7.0.0",
        "whatwg-encoding": "^2.0.0",
        "whatwg-mimetype": "^3.0.0",
        "whatwg-url": "^11.0.0",
        "ws": "^8.9.0",
        "xml-name-validator": "^4.0.0"
      }
    },
    "kleur": {
      "version": "4.1.5",
      "resolved": "https://registry.npmjs.org/kleur/-/kleur-4.1.5.tgz",
      "integrity": "sha512-o+NO+8WrRiQEE4/7nwRJhN1HWpVmJm511pBHUxPLtp0BUISzlBplORYSmTclCnJvQq2tKu/sgl3xVpkc7ZWuQQ==",
      "dev": true
    },
    "levn": {
      "version": "0.3.0",
      "resolved": "https://registry.npmjs.org/levn/-/levn-0.3.0.tgz",
      "integrity": "sha512-0OO4y2iOHix2W6ujICbKIaEQXvFQHue65vUG3pb5EUomzPI90z9hsA1VsO/dbIIpC53J8gxM9Q4Oho0jrCM/yA==",
      "dev": true,
      "requires": {
        "prelude-ls": "~1.1.2",
        "type-check": "~0.3.2"
      }
    },
    "mime-db": {
      "version": "1.52.0",
      "resolved": "https://registry.npmjs.org/mime-db/-/mime-db-1.52.0.tgz",
      "integrity": "sha512-sPU4uV7dYlvtWJxwwxHD0PuihVNiE7TyAbQ5SWxDCB9mUYvOgroQOwYQQOKPJ8CIbE+1ETVlOoK1UC2nU3gYvg==",
      "dev": true
    },
    "mime-types": {
      "version": "2.1.35",
      "resolved": "https://registry.npmjs.org/mime-types/-/mime-types-2.1.35.tgz",
      "integrity": "sha512-ZDY+bPm5zTTF+YpCrAU9nK0UgICYPT0QtT1NZWFv4s++TNkcgVaT0g6+4R2uI4MjQjzysHB1zxuWL50hzaeXiw==",
      "dev": true,
      "requires": {
        "mime-db": "1.52.0"
      }
    },
    "mri": {
      "version": "1.2.0",
      "resolved": "https://registry.npmjs.org/mri/-/mri-1.2.0.tgz",
      "integrity": "sha512-tzzskb3bG8LvYGFF/mDTpq3jpI6Q9wc3LEmBaghu+DdCssd1FakN7Bc0hVNmEyGq1bq3RgfkCb3cmQLpNPOroA==",
      "dev": true
    },
    "ms": {
      "version": "2.1.2",
      "resolved": "https://registry.npmjs.org/ms/-/ms-2.1.2.tgz",
      "integrity": "sha512-sGkPx+VjMtmA6MX27oA4FBFELFCZZ4S4XqeGOXCv68tT+jb3vk/RyaKWP0PTKyWtmLSM0b+adUTEvbs1PEaH2w==",
      "dev": true
    },
    "nwsapi": {
      "version": "2.2.2",
      "resolved": "https://registry.npmjs.org/nwsapi/-/nwsapi-2.2.2.tgz",
      "integrity": "sha512-90yv+6538zuvUMnN+zCr8LuV6bPFdq50304114vJYJ8RDyK8D5O9Phpbd6SZWgI7PwzmmfN1upeOJlvybDSgCw==",
      "dev": true
    },
    "optionator": {
      "version": "0.8.3",
      "resolved": "https://registry.npmjs.org/optionator/-/optionator-0.8.3.tgz",
      "integrity": "sha512-+IW9pACdk3XWmmTXG8m3upGUJst5XRGzxMRjXzAuJ1XnIFNvfhjjIuYkDvysnPQ7qzqVzLt78BCruntqRhWQbA==",
      "dev": true,
      "requires": {
        "deep-is": "~0.1.3",
        "fast-levenshtein": "~2.0.6",
        "levn": "~0.3.0",
        "prelude-ls": "~1.1.2",
        "type-check": "~0.3.2",
        "word-wrap": "~1.2.3"
      }
    },
    "parse5": {
      "version": "7.1.1",
      "resolved": "https://registry.npmjs.org/parse5/-/parse5-7.1.1.tgz",
      "integrity": "sha512-kwpuwzB+px5WUg9pyK0IcK/shltJN5/OVhQagxhCQNtT9Y9QRZqNY2e1cmbu/paRh5LMnz/oVTVLBpjFmMZhSg==",
      "dev": true,
      "requires": {
        "entities": "^4.4.0"
      }
    },
    "prelude-ls": {
      "version": "1.1.2",
      "resolved": "https://registry.npmjs.org/prelude-ls/-/prelude-ls-1.1.2.tgz",
      "integrity": "sha512-ESF23V4SKG6lVSGZgYNpbsiaAkdab6ZgOxe52p7+Kid3W3u3bxR4Vfd/o21dmN7jSt0IwgZ4v5MUd26FEtXE9w==",
      "dev": true
    },
    "psl": {
      "version": "1.9.0",
      "resolved": "https://registry.npmjs.org/psl/-/psl-1.9.0.tgz",
      "integrity": "sha512-E/ZsdU4HLs/68gYzgGTkMicWTLPdAftJLfJFlLUAAKZGkStNU72sZjT66SnMDVOfOWY/YAoiD7Jxa9iHvngcag==",
      "dev": true
    },
    "punycode": {
      "version": "2.1.1",
      "resolved": "https://registry.npmjs.org/punycode/-/punycode-2.1.1.tgz",
      "integrity": "sha512-XRsRjdf+j5ml+y/6GKHPZbrF/8p2Yga0JPtdqTIY2Xe5ohJPD9saDJJLPvp9+NSBprVvevdXZybnj2cv8OEd0A==",
      "dev": true
    },
    "querystringify": {
      "version": "2.2.0",
      "resolved": "https://registry.npmjs.org/querystringify/-/querystringify-2.2.0.tgz",
      "integrity": "sha512-FIqgj2EUvTa7R50u0rGsyTftzjYmv/a3hO345bZNrqabNqjtgiDMgmo4mkUjd+nzU5oF3dClKqFIPUKybUyqoQ==",
      "dev": true
    },
    "requires-port": {
      "version": "1.0.0",
      "resolved": "https://registry.npmjs.org/requires-port/-/requires-port-1.0.0.tgz",
      "integrity": "sha512-KigOCHcocU3XODJxsu8i/j8T9tzT4adHiecwORRQ0ZZFcp7ahwXuRU1m+yuO90C5ZUyGeGfocHDI14M3L3yDAQ==",
      "dev": true
    },
    "sade": {
      "version": "1.8.1",
      "resolved": "https://registry.npmjs.org/sade/-/sade-1.8.1.tgz",
      "integrity": "sha512-xal3CZX1Xlo/k4ApwCFrHVACi9fBqJ7V+mwhBsuf/1IOKbBy098Fex+Wa/5QMubw09pSZ/u8EY8PWgevJsXp1A==",
      "dev": true,
      "requires": {
        "mri": "^1.1.0"
      }
    },
    "safer-buffer": {
      "version": "2.1.2",
      "resolved": "https://registry.npmjs.org/safer-buffer/-/safer-buffer-2.1.2.tgz",
      "integrity": "sha512-YZo3K82SD7Riyi0E1EQPojLz7kpepnSQI9IyPbHHg1XXXevb5dJI7tpyN2ADxGcQbHG7vcyRHk0cbwqcQriUtg==",
      "dev": true
    },
    "saxes": {
      "version": "6.0.0",
      "resolved": "https://registry.npmjs.org/saxes/-/saxes-6.0.0.tgz",
      "integrity": "sha512-xAg7SOnEhrm5zI3puOOKyy1OMcMlIJZYNJY7xLBwSze0UjhPLnWfj2GF2EpT0jmzaJKIWKHLsaSSajf35bcYnA==",
      "dev": true,
      "requires": {
        "xmlchars": "^2.2.0"
      }
    },
    "source-map": {
      "version": "0.6.1",
      "resolved": "https://registry.npmjs.org/source-map/-/source-map-0.6.1.tgz",
      "integrity": "sha512-UjgapumWlbMhkBgzT7Ykc5YXUT46F0iKu8SGXq0bcwP5dz/h0Plj6enJqjz1Zbq2l5WaqYnrVbwWOWMyF3F47g==",
      "dev": true,
      "optional": true
    },
    "symbol-tree": {
      "version": "3.2.4",
      "resolved": "https://registry.npmjs.org/symbol-tree/-/symbol-tree-3.2.4.tgz",
      "integrity": "sha512-9QNk5KwDF+Bvz+PyObkmSYjI5ksVUYtjW7AU22r2NKcfLJcXp96hkDWU3+XndOsUb+AQ9QhfzfCT2O+CNWT5Tw==",
      "dev": true
    },
    "tough-cookie": {
      "version": "4.1.2",
      "resolved": "https://registry.npmjs.org/tough-cookie/-/tough-cookie-4.1.2.tgz",
      "integrity": "sha512-G9fqXWoYFZgTc2z8Q5zaHy/vJMjm+WV0AkAeHxVCQiEB1b+dGvWzFW6QV07cY5jQ5gRkeid2qIkzkxUnmoQZUQ==",
      "dev": true,
      "requires": {
        "psl": "^1.1.33",
        "punycode": "^2.1.1",
        "universalify": "^0.2.0",
        "url-parse": "^1.5.3"
      }
    },
    "tr46": {
      "version": "3.0.0",
      "resolved": "https://registry.npmjs.org/tr46/-/tr46-3.0.0.tgz",
      "integrity": "sha512-l7FvfAHlcmulp8kr+flpQZmVwtu7nfRV7NZujtN0OqES8EL4O4e0qqzL0DC5gAvx/ZC/9lk6rhcUwYvkBnBnYA==",
      "dev": true,
      "requires": {
        "punycode": "^2.1.1"
      }
    },
    "type-check": {
      "version": "0.3.2",
      "resolved": "https://registry.npmjs.org/type-check/-/type-check-0.3.2.tgz",
      "integrity": "sha512-ZCmOJdvOWDBYJlzAoFkC+Q0+bUyEOS1ltgp1MGU03fqHG+dbi9tBFU2Rd9QKiDZFAYrhPh2JUf7rZRIuHRKtOg==",
      "dev": true,
      "requires": {
        "prelude-ls": "~1.1.2"
      }
    },
    "universalify": {
      "version": "0.2.0",
      "resolved": "https://registry.npmjs.org/universalify/-/universalify-0.2.0.tgz",
      "integrity": "sha512-CJ1QgKmNg3CwvAv/kOFmtnEN05f0D/cn9QntgNOQlQF9dgvVTHj3t+8JPdjqawCHk7V/KA+fbUqzZ9XWhcqPUg==",
      "dev": true
    },
    "url-parse": {
      "version": "1.5.10",
      "resolved": "https://registry.npmjs.org/url-parse/-/url-parse-1.5.10.tgz",
      "integrity": "sha512-WypcfiRhfeUP9vvF0j6rw0J3hrWrw6iZv3+22h6iRMJ/8z1Tj6XfLP4DsUix5MhMPnXpiHDoKyoZ/bdCkwBCiQ==",
      "dev": true,
      "requires": {
        "querystringify": "^2.1.1",
        "requires-port": "^1.0.0"
      }
    },
    "uvu": {
      "version": "0.5.6",
      "resolved": "https://registry.npmjs.org/uvu/-/uvu-0.5.6.tgz",
      "integrity": "sha512-+g8ENReyr8YsOc6fv/NVJs2vFdHBnBNdfE49rshrTzDWOlUx4Gq7KOS2GD8eqhy2j+Ejq29+SbKH8yjkAqXqoA==",
      "dev": true,
      "requires": {
        "dequal": "^2.0.0",
        "diff": "^5.0.0",
        "kleur": "^4.0.3",
        "sade": "^1.7.3"
      }
    },
    "w3c-xmlserializer": {
      "version": "3.0.0",
      "resolved": "https://registry.npmjs.org/w3c-xmlserializer/-/w3c-xmlserializer-3.0.0.tgz",
      "integrity": "sha512-3WFqGEgSXIyGhOmAFtlicJNMjEps8b1MG31NCA0/vOF9+nKMUW1ckhi9cnNHmf88Rzw5V+dwIwsm2C7X8k9aQg==",
      "dev": true,
      "requires": {
        "xml-name-validator": "^4.0.0"
      }
    },
    "webidl-conversions": {
      "version": "7.0.0",
      "resolved": "https://registry.npmjs.org/webidl-conversions/-/webidl-conversions-7.0.0.tgz",
      "integrity": "sha512-VwddBukDzu71offAQR975unBIGqfKZpM+8ZX6ySk8nYhVoo5CYaZyzt3YBvYtRtO+aoGlqxPg/B87NGVZ/fu6g==",
      "dev": true
    },
    "whatwg-encoding": {
      "version": "2.0.0",
      "resolved": "https://registry.npmjs.org/whatwg-encoding/-/whatwg-encoding-2.0.0.tgz",
      "integrity": "sha512-p41ogyeMUrw3jWclHWTQg1k05DSVXPLcVxRTYsXUk+ZooOCZLcoYgPZ/HL/D/N+uQPOtcp1me1WhBEaX02mhWg==",
      "dev": true,
      "requires": {
        "iconv-lite": "0.6.3"
      }
    },
    "whatwg-mimetype": {
      "version": "3.0.0",
      "resolved": "https://registry.npmjs.org/whatwg-mimetype/-/whatwg-mimetype-3.0.0.tgz",
      "integrity": "sha512-nt+N2dzIutVRxARx1nghPKGv1xHikU7HKdfafKkLNLindmPU/ch3U31NOCGGA/dmPcmb1VlofO0vnKAcsm0o/Q==",
      "dev": true
    },
    "whatwg-url": {
      "version": "11.0.0",
      "resolved": "https://registry.npmjs.org/whatwg-url/-/whatwg-url-11.0.0.tgz",
      "integrity": "sha512-RKT8HExMpoYx4igMiVMY83lN6UeITKJlBQ+vR/8ZJ8OCdSiN3RwCq+9gH0+Xzj0+5IrM6i4j/6LuvzbZIQgEcQ==",
      "dev": true,
      "requires": {
        "tr46": "^3.0.0",
        "webidl-conversions": "^7.0.0"
      }
    },
    "word-wrap": {
      "version": "1.2.3",
      "resolved": "https://registry.npmjs.org/word-wrap/-/word-wrap-1.2.3.tgz",
      "integrity": "sha512-Hz/mrNwitNRh/HUAtM/VT/5VH+ygD6DV7mYKZAtHOrbs8U7lvPS6xf7EJKMF0uW1KJCl0H701g3ZGus+muE5vQ==",
      "dev": true
    },
    "ws": {
      "version": "8.11.0",
      "resolved": "https://registry.npmjs.org/ws/-/ws-8.11.0.tgz",
      "integrity": "sha512-HPG3wQd9sNQoT9xHyNCXoDUa+Xw/VevmY9FoHyQ+g+rrMn4j6FB4np7Z0OhdTgjx6MgQLK7jwSy1YecU1+4Asg==",
      "dev": true,
      "requires": {}
    },
    "xml-name-validator": {
      "version": "4.0.0",
      "resolved": "https://registry.npmjs.org/xml-name-validator/-/xml-name-validator-4.0.0.tgz",
      "integrity": "sha512-ICP2e+jsHvAj2E2lIHxa5tjXRlKDJo4IdvPvCXbXQGdzSfmSpNVyIKMvoZHjDY9DP0zV17iI85o90vRFXNccRw==",
      "dev": true
    },
    "xmlchars": {
      "version": "2.2.0",
      "resolved": "https://registry.npmjs.org/xmlchars/-/xmlchars-2.2.0.tgz",
      "integrity": "sha512-JZnDKK8B0RCDw84FNdDAIpZK+JuJw+s7Lz8nksI7SIuU3UXJJslUthsi+uWBUYOwPFwW7W7PRLRfUKpxjtjFCw==",
      "dev": true
    }
  }
}
